Anger,Sad,Fear,Joy,Analy,Confi,Tenta
0.556824,48.00843,10.486909999999998,34.078683999999996,70.16523500000001,0,38.371735
