Anger,Sad,Fear,Joy,Analy,Confi,Tenta
57.43591200000001,1120.7088639999997,279.1531509999999,772.2600410000002,1335.669374,0,697.6299209999999
