Anger,Sad,Fear,Joy,Analy,Confi,Tenta
24.99993,960.6311569999997,176.10298700000007,489.58327299999996,1272.664287,0,431.5693229999999
