Anger,Sad,Fear,Joy,Analy,Confi,Tenta
29.934763999999994,465.66848200000015,57.95262799999999,301.800288,650.900474,0,230.33526400000005
