Anger,Sad,Fear,Joy,Analy,Confi,Tenta
21.394970999999995,888.033927,116.45836000000001,544.4785390000001,904.8670499999996,0,744.0380369999999
