Anger,Sad,Fear,Joy,Analy,Confi,Tenta
2.729591,348.89524299999994,75.970031,258.52076500000004,462.15019800000005,0,415.95268100000004
