Anger,Sad,Fear,Joy,Analy,Confi,Tenta
34.189978,923.592552,197.64037899999997,658.67181,946.5291890000001,0,920.3730009999996
