Anger,Sad,Fear,Joy,Analy,Confi,Tenta
39.674262999999996,614.977827,63.919067000000005,400.56781400000006,616.6740349999998,0,415.122498
